acquisition_channel,customers,avg_cac,avg_ltv_gp,avg_net_profit,total_net_profit,ltv_cac_ratio,est_payback_orders
Direct,779,99.88029525032093,1705.1523748395375,1495.727406931964,1165171.65,17.07,0.11744986530978749
Email Referral,965,246.62831088082905,1614.365647668394,1203.8252953367876,1161691.41,6.55,0.30679182771949204
Influencer,1181,1647.5466892464012,1208.5823031329385,-700.759449618967,-827596.91,0.73,2.1742605233219567
Organic Search,1411,198.66794472005668,1536.9353295535082,1183.0544649184976,1669289.85,7.74,0.24866631523458094
Paid Google,1653,851.4016999395039,1381.7833938294011,332.1499092558984,549043.8,1.62,1.0980878859857484
Paid Instagram,2011,1106.7842168075586,1296.9366484336151,-67.43663848831427,-135615.08000000002,1.17,1.4556719817767654
